,0,1,2,3,4,5,6
0,3102664781,2016-03-01,22:03:05,3号线曹杨路,地铁,4.0,非优惠
1,3102664781,2016-03-01,11:38:03,3号线虹口足球场,地铁,3.0,优惠
2,3102664781,2016-03-01,10:51:52,11号线枫桥路,地铁,0.0,非优惠
3,3102664781,2016-03-01,21:43:07,3号线虹口足球场,地铁,0.0,非优惠
4,602141128,2016-03-01,08:35:04,1号线莘庄,地铁,0.0,非优惠
5,602141128,2016-03-01,14:05:05,2号线虹桥火车站,地铁,5.0,非优惠
6,602141128,2016-03-01,09:29:05,4号线大连路,地铁,5.0,非优惠
7,602141128,2016-03-01,13:08:13,4号线大连路,地铁,0.0,非优惠
8,2804568717,2016-03-01,09:19:43,9号线嘉善路,地铁,3.0,优惠
9,2804568717,2016-03-01,08:43:40,8号线黄兴路,地铁,0.0,非优惠
10,2804568717,2016-03-01,17:22:52,9号线嘉善路,地铁,0.0,非优惠
11,2804568717,2016-03-01,17:53:04,12号线宁国路,地铁,4.0,非优惠
12,2204979697,2016-03-01,18:21:22,4号线世纪大道,地铁,3.0,非优惠
13,2204979697,2016-03-01,18:12:06,9号线小南门,地铁,0.0,非优惠
14,3001681582,2016-03-01,15:32:17,1号线陕西南路,地铁,0.0,非优惠
15,3001681582,2016-03-01,16:29:35,11号线马陆,地铁,5.0,非优惠
16,3001681582,2016-03-01,13:39:55,1号线陕西南路,地铁,4.0,优惠
17,3001681582,2016-03-01,12:45:12,11号线马陆,地铁,0.0,非优惠
18,2104253975,2016-03-01,08:34:49,11号线隆德路,地铁,4.0,非优惠
19,2104253975,2016-03-01,17:15:52,11号线隆德路,地铁,0.0,非优惠
20,2104253975,2016-03-01,08:03:34,11号线南翔,地铁,0.0,非优惠
21,2104253975,2016-03-01,17:41:03,11号线南翔,地铁,4.0,非优惠
22,2904375530,2016-03-01,13:54:48,7号线岚皋路,地铁,0.0,非优惠
23,2904375530,2016-03-01,14:28:09,13号线金沙江西路,地铁,4.0,非优惠
24,2904375530,2016-03-01,13:02:56,7号线岚皋路,地铁,4.0,非优惠
25,2904375530,2016-03-01,12:19:06,13号线金沙江西路,地铁,0.0,非优惠
26,2001346673,2016-03-01,19:00:48,2号线陆家嘴,地铁,0.0,非优惠
27,2001346673,2016-03-01,19:09:54,4号线世纪大道,地铁,3.0,非优惠
28,2001346673,2016-03-01,08:45:27,2号线陆家嘴,地铁,4.0,非优惠
29,2001346673,2016-03-01,08:15:13,2号线广兰路,地铁,0.0,非优惠
30,101438819,2016-03-01,09:30:55,8号线人民广场,地铁,5.0,非优惠
31,101438819,2016-03-01,08:45:45,3号线宝杨路,地铁,0.0,非优惠
32,2105131606,2016-03-01,22:00:08,9号线七宝,地铁,0.0,非优惠
33,2105131606,2016-03-01,13:56:39,11号线御桥,地铁,0.0,非优惠
34,2105131606,2016-03-01,22:51:56,11号线御桥,地铁,5.0,非优惠
35,2105131606,2016-03-01,14:46:06,9号线七宝,地铁,5.0,非优惠
36,2904632718,2016-03-01,18:52:10,11号线三林,地铁,4.0,非优惠
37,2904632718,2016-03-01,08:37:30,11号线上海游泳馆,地铁,4.0,非优惠
38,2904632718,2016-03-01,08:20:35,11号线三林,地铁,0.0,非优惠
39,2904632718,2016-03-01,18:34:56,11号线上海游泳馆,地铁,0.0,非优惠
40,3103989056,2016-03-01,09:10:22,2号线金科路,地铁,2.0,优惠
41,3103989056,2016-03-01,20:48:28,2号线金科路,地铁,0.0,非优惠
42,3103989056,2016-03-01,09:00:14,2号线龙阳路,地铁,0.0,非优惠
43,3103989056,2016-03-01,20:59:41,2号线龙阳路,地铁,3.0,非优惠
44,2103672292,2016-03-01,20:23:13,2号线淞虹路,地铁,0.0,非优惠
45,2103672292,2016-03-01,08:36:45,2号线淞虹路,地铁,3.0,优惠
46,2103672292,2016-03-01,08:18:26,2号线徐泾东,地铁,0.0,非优惠
47,2103672292,2016-03-01,20:39:32,2号线徐泾东,地铁,4.0,非优惠
48,2903121647,2016-03-01,08:10:20,8号线人民广场,地铁,4.0,非优惠
49,2903121647,2016-03-01,07:44:54,3号线上海南站,地铁,0.0,非优惠
50,2903121647,2016-03-01,21:01:24,3号线上海南站,地铁,4.0,非优惠
51,2903121647,2016-03-01,20:36:00,8号线人民广场,地铁,0.0,非优惠
52,2802355091,2016-03-01,18:50:43,8号线市光路,地铁,4.0,非优惠
53,2802355091,2016-03-01,18:15:16,8号线人民广场,地铁,0.0,非优惠
54,2802355091,2016-03-01,09:50:14,8号线人民广场,地铁,4.0,非优惠
55,2802355091,2016-03-01,09:16:28,8号线嫩江路,地铁,0.0,非优惠
56,2004988436,2016-03-01,18:49:20,2号线娄山关路,地铁,0.0,非优惠
57,2004988436,2016-03-01,18:58:52,2号线江苏路,地铁,3.0,非优惠
58,2601377141,2016-03-01,08:56:31,8号线人民广场,地铁,3.0,优惠
59,2601377141,2016-03-01,13:35:30,8号线人民广场,地铁,0.0,非优惠
60,2601377141,2016-03-01,14:07:34,1号线莘庄,地铁,4.0,非优惠
61,2601377141,2016-03-01,08:17:47,1号线莘庄,地铁,0.0,非优惠
62,402411956,2016-03-01,08:49:13,3号线大柏树,地铁,0.0,非优惠
63,402411956,2016-03-01,09:39:57,9号线桂林路,地铁,5.0,非优惠
64,402411956,2016-03-01,20:17:40,9号线桂林路,地铁,0.0,非优惠
65,402411956,2016-03-01,21:00:26,3号线大柏树,地铁,5.0,非优惠
66,2701697893,2016-03-01,09:38:16,11号线上海西站,地铁,0.0,非优惠
67,2701697893,2016-03-01,10:14:30,7号线东安路,地铁,3.0,优惠
68,2701697893,2016-03-01,14:05:46,7号线东安路,地铁,0.0,非优惠
69,2701697893,2016-03-01,14:50:17,11号线上海西站,地铁,4.0,非优惠
70,2904476199,2016-03-01,22:20:06,1号线莲花路,地铁,4.0,非优惠
71,2904476199,2016-03-01,22:02:41,1号线徐家汇,地铁,0.0,非优惠
72,2402935169,2016-03-01,18:00:46,5号线银都路,地铁,0.0,非优惠
73,2402935169,2016-03-01,08:37:10,5号线剑川路,地铁,0.0,非优惠
74,2402935169,2016-03-01,08:51:29,5号线银都路,地铁,2.0,优惠
75,2402935169,2016-03-01,18:17:19,5号线东川路,地铁,3.0,非优惠
76,3001921621,2016-03-01,08:32:24,9号线商城路,地铁,0.0,非优惠
77,2900010447,2016-03-01,19:11:19,1号线莘庄,地铁,5.0,非优惠
78,2900010447,2016-03-01,13:51:17,4号线大连路,地铁,4.0,非优惠
79,2900010447,2016-03-01,17:56:39,4号线大连路,地铁,0.0,非优惠
80,2900010447,2016-03-01,13:16:56,1号线徐家汇,地铁,0.0,非优惠
81,2201860453,2016-03-01,14:29:08,10号线四川北路,地铁,4.0,非优惠
82,2201860453,2016-03-01,16:19:07,10号线四川北路,地铁,0.0,非优惠
83,3100469420,2016-03-01,07:30:30,3号线上海火车站,地铁,3.0,非优惠
84,3100469420,2016-03-01,17:44:10,10号线海伦路,地铁,3.0,非优惠
85,3100469420,2016-03-01,17:32:40,3号线上海火车站,地铁,0.0,非优惠
86,3100469420,2016-03-01,07:16:38,4号线海伦路,地铁,0.0,非优惠
87,2903463262,2016-03-01,09:29:05,3号线大柏树,地铁,0.0,非优惠
88,2903463262,2016-03-01,09:46:11,3号线张华浜,地铁,4.0,非优惠
89,2901590648,2016-03-01,18:52:07,7号线镇坪路,地铁,0.0,非优惠
90,2901590648,2016-03-01,19:56:31,9号线洞泾,地铁,6.0,非优惠
91,2901590648,2016-03-01,07:55:07,9号线洞泾,地铁,0.0,非优惠
92,2901590648,2016-03-01,09:03:22,7号线镇坪路,地铁,5.0,优惠
93,2803826591,2016-03-01,07:56:29,7号线行知路,地铁,0.0,非优惠
94,2803826591,2016-03-01,12:12:35,2号线中山公园,地铁,0.0,非优惠
95,2803826591,2016-03-01,08:49:34,3号线中山公园,地铁,4.0,非优惠
96,2803826591,2016-03-01,14:25:55,1号线上海马戏城,地铁,4.0,非优惠
97,2803826591,2016-03-01,13:56:33,2号线东昌路,地铁,0.0,非优惠
98,2803826591,2016-03-01,12:34:32,2号线东昌路,地铁,4.0,非优惠
99,2900960960,2016-03-01,14:27:17,13号线真北路,地铁,0.0,非优惠
100,2900960960,2016-03-01,12:43:16,9号线九亭,地铁,4.0,优惠
101,2900960960,2016-03-01,12:13:47,9号线松江体育中心,地铁,0.0,非优惠
102,2900960960,2016-03-01,15:53:19,9号线松江体育中心,地铁,7.0,非优惠
103,3104129630,2016-03-01,07:52:01,2号线徐泾东,地铁,0.0,非优惠
104,3104129630,2016-03-01,20:03:45,2号线东昌路,地铁,0.0,非优惠
105,3104129630,2016-03-01,08:43:02,2号线东昌路,地铁,4.0,优惠
106,3104129630,2016-03-01,20:53:41,2号线徐泾东,地铁,5.0,非优惠
107,740080202,2016-03-01,09:17:51,2号线东昌路,地铁,4.0,非优惠
108,740080202,2016-03-01,08:50:54,10号线国权路,地铁,0.0,非优惠
109,2800620130,2016-03-01,08:23:35,8号线鞍山新村,地铁,0.0,非优惠
110,2800620130,2016-03-01,08:41:55,8号线人民广场,地铁,4.0,非优惠
111,2800620130,2016-03-01,18:22:19,8号线人民广场,地铁,0.0,非优惠
112,2800620130,2016-03-01,18:40:58,8号线鞍山新村,地铁,4.0,非优惠
113,2304087786,2016-03-01,16:50:49,7号线锦绣路,地铁,5.0,非优惠
114,2304087786,2016-03-01,14:32:49,1号线共康路,地铁,0.0,非优惠
115,2304087786,2016-03-01,11:13:14,7号线锦绣路,地铁,0.0,非优惠
116,2304087786,2016-03-01,14:42:25,1号线彭浦新村,地铁,3.0,非优惠
117,2304087786,2016-03-01,15:46:32,1号线彭浦新村,地铁,0.0,非优惠
118,2304087786,2016-03-01,12:21:24,1号线共康路,地铁,4.0,优惠
119,2603589738,2016-03-01,08:52:58,1号线上海马戏城,地铁,2.0,优惠
120,2603589738,2016-03-01,08:30:26,1号线通河新村,地铁,0.0,非优惠
121,2603589738,2016-03-01,18:22:09,1号线汶水路,地铁,0.0,非优惠
122,2603589738,2016-03-01,18:37:05,1号线通河新村,地铁,3.0,非优惠
123,2001342355,2016-03-01,10:28:10,12号线金海路,地铁,0.0,非优惠
124,2001342355,2016-03-01,11:13:50,1号线汉中路,地铁,4.0,优惠
125,2803054241,2016-03-01,17:02:27,13号线金沙江路,地铁,0.0,非优惠
126,2803054241,2016-03-01,17:14:51,11号线真如,地铁,3.0,非优惠
127,2601591302,2016-03-01,10:02:59,2号线江苏路,地铁,4.0,非优惠
128,2601591302,2016-03-01,19:10:50,2号线江苏路,地铁,0.0,非优惠
129,2601591302,2016-03-01,09:28:22,7号线行知路,地铁,0.0,非优惠
130,2601591302,2016-03-01,19:44:27,7号线行知路,地铁,4.0,非优惠
131,2204590313,2016-03-01,07:47:09,12号线江浦公园,地铁,4.0,非优惠
132,2204590313,2016-03-01,07:25:02,8号线老西门,地铁,0.0,非优惠
133,2204590313,2016-03-01,17:26:39,12号线江浦公园,地铁,0.0,非优惠
134,2204590313,2016-03-01,17:52:12,8号线老西门,地铁,4.0,非优惠
135,3000390639,2016-03-01,16:43:13,10号线陕西南路,地铁,3.0,非优惠
136,3000390639,2016-03-01,16:35:35,10号线交通大学,地铁,0.0,非优惠
137,3004074319,2016-03-01,07:44:49,9号线佘山,地铁,0.0,非优惠
138,3004074319,2016-03-01,17:08:35,9号线漕河泾开发区,地铁,0.0,非优惠
139,3004074319,2016-03-01,08:12:11,9号线合川路,地铁,5.0,非优惠
140,3004074319,2016-03-01,17:39:00,9号线佘山,地铁,5.0,非优惠
141,601069024,2016-03-01,11:00:14,3号线江湾镇,地铁,4.0,非优惠
142,601069024,2016-03-01,08:40:07,3号线殷高西路,地铁,0.0,非优惠
143,601069024,2016-03-01,09:37:02,4号线大木桥路 ,地铁,4.0,非优惠
144,601069024,2016-03-01,10:02:23,4号线大木桥路 ,地铁,0.0,非优惠
145,2300831038,2016-03-01,17:19:37,11号线御桥,地铁,5.0,非优惠
146,2300831038,2016-03-01,10:17:43,11号线李子园路,地铁,5.0,非优惠
147,2300831038,2016-03-01,16:21:39,1号线莘庄,地铁,0.0,非优惠
148,2300831038,2016-03-01,09:25:03,1号线莘庄,地铁,0.0,非优惠
149,2904357081,2016-03-01,19:33:48,2号线浦东国际机场,地铁,7.0,非优惠
150,2904357081,2016-03-01,18:17:55,6号线云山路,地铁,0.0,非优惠
151,2902605626,2016-03-01,07:24:00,8号线黄兴路,地铁,0.0,非优惠
152,2902605626,2016-03-01,19:41:47,8号线黄兴路,地铁,5.0,非优惠
153,2003122032,2016-03-01,07:35:22,2号线金科路,地铁,6.0,非优惠
154,2003122032,2016-03-01,16:54:02,2号线金科路,地铁,0.0,非优惠
155,2003122032,2016-03-01,17:59:03,2号线徐泾东,地铁,6.0,非优惠
156,2003122032,2016-03-01,06:31:16,2号线徐泾东,地铁,0.0,非优惠
157,402545333,2016-03-01,17:02:45,8号线江月路,地铁,0.0,非优惠
158,402545333,2016-03-01,08:18:26,8号线江月路,地铁,5.0,非优惠
159,402545333,2016-03-01,07:44:24,4号线南浦大桥,地铁,0.0,非优惠
160,402545333,2016-03-01,17:34:30,4号线南浦大桥,地铁,5.0,非优惠
161,2204874687,2016-03-01,08:29:08,13号线祁连山南路,地铁,0.0,非优惠
162,2204874687,2016-03-01,19:43:41,2号线南京西路,地铁,3.0,非优惠
163,2204874687,2016-03-01,19:27:30,8号线大世界,地铁,0.0,非优惠
164,2204874687,2016-03-01,09:17:00,8号线大世界,地铁,0.0,非优惠
165,2204874687,2016-03-01,09:03:45,2号线南京西路,地铁,0.0,非优惠
166,2204874687,2016-03-01,20:17:47,13号线祁连山南路,地铁,1.0,非优惠
167,2305041497,2016-03-01,09:05:39,10号线国权路,地铁,0.0,非优惠
168,2305041497,2016-03-01,22:47:34,10号线国权路,地铁,3.0,非优惠
169,2305041497,2016-03-01,22:39:10,8号线四平路,地铁,0.0,非优惠
170,2305041497,2016-03-01,09:12:41,8号线四平路,地铁,3.0,非优惠
171,2104819007,2016-03-01,08:43:03,11号线江苏路,地铁,5.0,非优惠
172,2104819007,2016-03-01,08:02:59,8号线沈杜公路,地铁,0.0,非优惠
173,2104819007,2016-03-01,13:14:05,7号线长寿路,地铁,3.0,非优惠
174,2104819007,2016-03-01,14:03:16,7号线长寿路,地铁,0.0,非优惠
175,2104819007,2016-03-01,15:07:00,8号线沈杜公路,地铁,5.0,非优惠
176,2104819007,2016-03-01,12:53:11,11号线江苏路,地铁,0.0,非优惠
177,2204959322,2016-03-01,08:28:34,3号线延安西路,地铁,4.0,非优惠
178,2204959322,2016-03-01,16:22:33,3号线大柏树,地铁,0.0,非优惠
179,2204959322,2016-03-01,07:47:54,6号线高青路,地铁,0.0,非优惠
180,2204959322,2016-03-01,18:05:33,3号线延安西路,地铁,0.0,非优惠
181,2204959322,2016-03-01,16:55:17,3号线延安西路,地铁,4.0,非优惠
182,2204959322,2016-03-01,19:03:10,6号线高青路,地铁,4.0,非优惠
183,2204959322,2016-03-01,10:45:50,3号线延安西路,地铁,0.0,非优惠
184,2204959322,2016-03-01,11:14:25,3号线大柏树,地铁,4.0,非优惠
185,2903332661,2016-03-01,08:20:26,1号线锦江乐园,地铁,3.0,优惠
186,2903332661,2016-03-01,07:49:56,5号线剑川路,地铁,0.0,非优惠
187,2902095102,2016-03-01,17:52:06,1号线中山北路,地铁,3.0,非优惠
188,2902095102,2016-03-01,17:43:49,1号线汉中路,地铁,0.0,非优惠
189,2103633226,2016-03-01,17:23:24,1号线锦江乐园,地铁,4.0,非优惠
190,2103633226,2016-03-01,16:48:35,1号线中山北路,地铁,0.0,非优惠
191,2103633226,2016-03-01,14:24:47,3号线宝山路,地铁,4.0,非优惠
192,2103633226,2016-03-01,16:01:25,3号线上海火车站,地铁,3.0,非优惠
193,2103633226,2016-03-01,15:53:23,3号线宝山路,地铁,0.0,非优惠
194,2103633226,2016-03-01,13:46:57,1号线锦江乐园,地铁,0.0,非优惠
195,2903107466,2016-03-01,08:04:26,2号线金科路,地铁,0.0,非优惠
196,2903107466,2016-03-01,18:15:04,8号线西藏南路,地铁,0.0,非优惠
197,2903107466,2016-03-01,08:41:55,8号线西藏南路,地铁,3.0,优惠
198,2903107466,2016-03-01,18:47:04,2号线金科路,地铁,4.0,非优惠
199,2703340391,2016-03-01,15:31:58,8号线浦江镇,地铁,0.0,非优惠
200,2703340391,2016-03-01,14:12:29,7号线龙华中路,地铁,0.0,非优惠
201,2703340391,2016-03-01,14:54:58,8号线浦江镇,地铁,4.0,非优惠
202,2703340391,2016-03-01,16:22:56,2号线威宁路,地铁,5.0,非优惠
203,3004219846,2016-03-01,17:19:46,3号线宝山路,地铁,4.0,非优惠
204,3004219846,2016-03-01,16:51:06,7号线常熟路,地铁,0.0,非优惠
205,3004219846,2016-03-01,14:55:34,7号线常熟路,地铁,4.0,非优惠
206,3004219846,2016-03-01,14:15:56,3号线东宝兴路,地铁,0.0,非优惠
207,2602022534,2016-03-01,08:40:31,8号线四平路,地铁,4.0,优惠
208,2602022534,2016-03-01,07:44:21,9号线七宝,地铁,0.0,非优惠
209,2602022534,2016-03-01,19:26:23,8号线四平路,地铁,0.0,非优惠
210,2602022534,2016-03-01,20:20:47,9号线七宝,地铁,5.0,非优惠
211,3104660244,2016-03-01,08:04:28,2号线陆家嘴,地铁,3.0,非优惠
212,3104660244,2016-03-01,07:53:02,2号线南京西路,地铁,0.0,非优惠
213,3104660244,2016-03-01,18:08:02,2号线陆家嘴,地铁,0.0,非优惠
214,3104660244,2016-03-01,18:29:43,2号线中山公园,地铁,4.0,非优惠
215,3103540114,2016-03-01,17:58:55,2号线唐镇,地铁,4.0,非优惠
216,3103540114,2016-03-01,17:31:03,2号线上海科技馆,地铁,0.0,非优惠
217,601444446,2016-03-01,09:58:27,9号线商城路,地铁,4.0,非优惠
218,601444446,2016-03-01,18:17:55,8号线成山路,地铁,4.0,非优惠
219,601444446,2016-03-01,09:31:59,8号线成山路,地铁,0.0,非优惠
220,601444446,2016-03-01,17:46:10,9号线商城路,地铁,0.0,非优惠
221,3003322964,2016-03-01,17:23:54,4号线世纪大道,地铁,3.0,非优惠
222,3003322964,2016-03-01,17:07:22,4号线大连路,地铁,0.0,非优惠
223,3003322964,2016-03-01,07:59:09,4号线杨树浦路,地铁,3.0,非优惠
224,3003322964,2016-03-01,07:45:41,4号线世纪大道,地铁,0.0,非优惠
225,3104567108,2016-03-01,09:05:05,3号线龙漕路,地铁,3.0,优惠
226,3104567108,2016-03-01,08:35:30,7号线锦绣路,地铁,0.0,非优惠
227,3104567108,2016-03-01,18:23:52,7号线锦绣路,地铁,4.0,非优惠
228,2802906192,2016-03-01,17:05:52,4号线蓝村路,地铁,3.0,非优惠
229,2802906192,2016-03-01,16:57:44,6号线上海儿童医学中心,地铁,0.0,非优惠
230,2203356165,2016-03-01,18:40:24,2号线静安寺,地铁,4.0,非优惠
231,2203356165,2016-03-01,08:14:24,1号线上海马戏城,地铁,4.0,非优惠
232,2203356165,2016-03-01,18:09:00,1号线上海马戏城,地铁,0.0,非优惠
233,2203356165,2016-03-01,07:41:42,13号线真北路,地铁,0.0,非优惠
234,2901902611,2016-03-01,12:33:07,2号线上海科技馆,地铁,4.0,非优惠
235,2901902611,2016-03-01,14:26:29,11号线江苏路,地铁,4.0,非优惠
236,2901902611,2016-03-01,08:44:05,3号线中山公园,地铁,4.0,非优惠
237,2901902611,2016-03-01,13:57:38,2号线上海科技馆,地铁,0.0,非优惠
238,2901902611,2016-03-01,08:14:19,4号线临平路,地铁,0.0,非优惠
239,2901902611,2016-03-01,12:05:17,11号线江苏路,地铁,0.0,非优惠
240,2901902611,2016-03-01,17:26:18,3号线中山公园,地铁,0.0,非优惠
241,2901902611,2016-03-01,17:50:36,4号线临平路,地铁,4.0,非优惠
242,2901547352,2016-03-01,13:14:24,7号线长清路,地铁,0.0,非优惠
243,2901547352,2016-03-01,14:32:41,7号线长清路,地铁,3.0,非优惠
244,2901547352,2016-03-01,13:29:36,4号线南浦大桥,地铁,3.0,非优惠
245,2901547352,2016-03-01,14:18:31,4号线南浦大桥,地铁,0.0,非优惠
246,2703202656,2016-03-01,13:57:00,1号线延长路,地铁,3.0,优惠
247,2703202656,2016-03-01,13:31:04,1号线徐家汇,地铁,0.0,非优惠
248,2703202656,2016-03-01,07:44:36,7号线肇嘉浜路,地铁,4.0,非优惠
249,2703202656,2016-03-01,07:14:59,1号线延长路,地铁,0.0,非优惠
250,2602505739,2016-03-01,12:13:17,12号线金海路,地铁,4.0,优惠
251,2602505739,2016-03-01,11:32:30,8号线曲阜路,地铁,0.0,非优惠
252,740097155,2016-03-01,17:19:35,11号线真如,地铁,5.0,优惠
253,740097155,2016-03-01,16:14:51,9号线松江大学城,地铁,0.0,非优惠
254,2803737472,2016-03-01,19:05:24,1号线上海火车站,地铁,4.0,非优惠
255,2803737472,2016-03-01,19:30:27,3号线上海火车站,地铁,0.0,非优惠
256,2803737472,2016-03-01,19:12:19,3号线上海火车站,地铁,0.0,非优惠
257,2803737472,2016-03-01,13:35:57,1号线徐家汇,地铁,4.0,非优惠
258,2803737472,2016-03-01,19:37:30,1号线上海火车站,地铁,0.0,非优惠
259,2803737472,2016-03-01,12:57:48,1号线共康路,地铁,0.0,非优惠
260,2803737472,2016-03-01,18:45:26,1号线共康路,地铁,0.0,非优惠
261,2803737472,2016-03-01,15:12:39,1号线徐家汇,地铁,0.0,非优惠
262,2803737472,2016-03-01,17:34:08,1号线共康路,地铁,4.0,非优惠
263,740772901,2016-03-01,12:18:26,8号线延吉中路,地铁,6.0,非优惠
264,2003935126,2016-03-01,18:04:51,1号线延长路,地铁,3.0,非优惠
265,2003935126,2016-03-01,09:47:34,1号线上海火车站,地铁,3.0,非优惠
266,2003935126,2016-03-01,09:41:46,1号线延长路,地铁,0.0,非优惠
267,2003935126,2016-03-01,17:52:17,1号线汉中路,地铁,0.0,非优惠
268,2103544162,2016-03-01,08:25:23,2号线徐泾东,地铁,5.0,非优惠
269,2103544162,2016-03-01,17:00:15,3号线赤峰路,地铁,4.0,优惠
270,2103544162,2016-03-01,06:54:24,3号线大柏树,地铁,0.0,非优惠
271,2103544162,2016-03-01,16:02:01,2号线徐泾东,地铁,0.0,非优惠
272,2003085897,2016-03-01,20:08:47,4号线蓝村路,地铁,0.0,非优惠
273,2003085897,2016-03-01,20:25:12,8号线耀华路,地铁,3.0,非优惠
274,2003085897,2016-03-01,08:37:39,4号线蓝村路,地铁,4.0,非优惠
275,2003085897,2016-03-01,08:00:41,8号线杨思,地铁,0.0,非优惠
276,2803925437,2016-03-01,18:06:18,4号线宜山路,地铁,0.0,非优惠
277,2803925437,2016-03-01,07:19:05,3号线宜山路,地铁,4.0,非优惠
278,2104423664,2016-03-01,17:02:15,9号线七宝,地铁,0.0,非优惠
279,2104423664,2016-03-01,19:21:56,9号线松江体育中心,地铁,0.0,非优惠
280,2104423664,2016-03-01,13:23:09,4号线鲁班路,地铁,0.0,非优惠
281,2104423664,2016-03-01,08:49:21,12号线金海路,地铁,0.0,非优惠
282,2104423664,2016-03-01,18:02:47,9号线松江体育中心,地铁,5.0,非优惠
283,2104423664,2016-03-01,21:16:52,12号线金海路,地铁,9.0,非优惠
284,2104423664,2016-03-01,10:50:20,1号线通河新村,地铁,0.0,非优惠
285,2104423664,2016-03-01,10:00:23,1号线通河新村,地铁,6.0,非优惠
286,2104423664,2016-03-01,12:14:51,4号线鲁班路,地铁,5.0,非优惠
287,2104423664,2016-03-01,14:13:52,9号线七宝,地铁,4.0,非优惠
288,3003601847,2016-03-01,18:13:35,7号线昌平路,地铁,0.0,非优惠
289,3003601847,2016-03-01,18:27:48,7号线新村路,地铁,3.0,非优惠
290,2856179,2016-03-01,14:59:03,9号线打浦桥,地铁,0.0,非优惠
291,2856179,2016-03-01,15:13:46,9号线桂林路,地铁,3.0,优惠
292,2004272567,2016-03-01,11:55:30,6号线高科西路,地铁,0.0,非优惠
293,2004272567,2016-03-01,10:43:10,6号线高科西路,地铁,4.0,优惠
294,2004272567,2016-03-01,09:47:22,6号线洲海路,地铁,0.0,非优惠
295,2004272567,2016-03-01,12:39:23,1号线莲花路,地铁,4.0,非优惠
296,100661308,2016-03-01,21:08:31,1号线黄陂南路,地铁,0.0,非优惠
297,100661308,2016-03-01,08:53:04,1号线黄陂南路,地铁,4.0,非优惠
298,100661308,2016-03-01,08:01:28,1号线莘庄,地铁,0.0,非优惠
299,100661308,2016-03-01,21:41:44,1号线莘庄,地铁,4.0,非优惠
300,2904606465,2016-03-01,20:24:13,8号线人民广场,地铁,0.0,非优惠
301,2904606465,2016-03-01,20:50:52,1号线莲花路,地铁,4.0,非优惠
302,2904606465,2016-03-01,18:14:32,1号线莲花路,地铁,0.0,非优惠
303,2904606465,2016-03-01,18:41:34,8号线人民广场,地铁,4.0,非优惠
304,2904606465,2016-03-01,11:35:17,1号线莲花路,地铁,0.0,优惠
305,2904606465,2016-03-01,11:36:23,1号线莲花路,地铁,2.0,优惠
306,2904463127,2016-03-01,19:33:17,1号线莲花路,地铁,4.0,非优惠
307,2904463127,2016-03-01,09:19:42,1号线莲花路,地铁,0.0,非优惠
308,2904463127,2016-03-01,09:53:25,11号线云锦路,地铁,3.0,优惠
309,2904463127,2016-03-01,18:59:16,11号线云锦路,地铁,0.0,非优惠
310,2303667375,2016-03-01,19:18:17,4号线塘桥,地铁,4.0,非优惠
311,2303667375,2016-03-01,15:18:11,4号线塘桥,地铁,0.0,非优惠
312,3103595793,2016-03-01,18:18:31,7号线行知路,地铁,0.0,非优惠
313,3103595793,2016-03-01,18:44:07,7号线肇嘉浜路,地铁,4.0,非优惠
314,2303608096,2016-03-01,15:11:12,3号线宝山路,地铁,0.0,非优惠
315,2303608096,2016-03-01,15:48:39,7号线静安寺,地铁,3.0,非优惠
316,3001187771,2016-03-01,07:09:25,9号线松江体育中心,地铁,0.0,非优惠
317,3001187771,2016-03-01,07:38:00,9号线泗泾,地铁,3.0,优惠
318,3001187771,2016-03-01,17:37:53,9号线洞泾,地铁,3.0,非优惠
319,3001187771,2016-03-01,17:22:33,9号线泗泾,地铁,0.0,非优惠
320,2204131840,2016-03-01,08:02:34,9号线漕河泾开发区,地铁,0.0,非优惠
321,2204131840,2016-03-01,18:36:23,9号线松江大学城,地铁,4.0,非优惠
322,2204131840,2016-03-01,08:48:21,9号线松江南站,地铁,6.0,非优惠
323,2204131840,2016-03-01,17:58:33,9号线松江南站,地铁,0.0,非优惠
324,2204131840,2016-03-01,20:13:02,9号线松江大学城,地铁,0.0,非优惠
325,2204131840,2016-03-01,20:48:50,9号线漕河泾开发区,地铁,5.0,非优惠
326,2203325133,2016-03-01,16:37:22,7号线新村路,地铁,4.0,非优惠
327,2203325133,2016-03-01,16:10:02,2号线南京西路,地铁,0.0,非优惠
328,3102094680,2016-03-01,08:34:11,11号线昌吉东路,地铁,0.0,非优惠
329,3102094680,2016-03-01,08:56:20,11号线南翔,地铁,5.0,非优惠
330,3102094680,2016-03-01,17:22:03,11号线南翔,地铁,0.0,非优惠
331,3102094680,2016-03-01,17:46:05,11号线昌吉东路,地铁,4.0,优惠
332,3102442940,2016-03-01,14:56:03,9号线徐家汇,地铁,6.0,非优惠
333,3102442940,2016-03-01,13:54:04,9号线醉白池,地铁,0.0,非优惠
334,3102442940,2016-03-01,19:02:27,7号线新村路,地铁,3.0,非优惠
335,3102442940,2016-03-01,10:41:04,9号线醉白池,地铁,6.0,优惠
336,3102442940,2016-03-01,09:03:24,7号线新村路,地铁,0.0,非优惠
337,3102442940,2016-03-01,17:48:11,2号线江苏路,地铁,0.0,非优惠
338,2900537806,2016-03-01,09:18:37,4号线世纪大道,地铁,3.0,非优惠
339,2900537806,2016-03-01,09:10:03,2号线世纪公园,地铁,0.0,非优惠
340,2900537806,2016-03-01,18:09:35,4号线世纪大道,地铁,0.0,非优惠
341,2900537806,2016-03-01,18:21:15,2号线世纪公园,地铁,3.0,非优惠
342,201092904,2016-03-01,17:21:31,13号线金沙江路,地铁,0.0,非优惠
343,201092904,2016-03-01,07:43:33,13号线金沙江西路,地铁,0.0,非优惠
344,201092904,2016-03-01,08:00:50,13号线金沙江路,地铁,4.0,非优惠
345,201092904,2016-03-01,17:41:14,13号线金沙江西路,地铁,4.0,非优惠
346,2002289445,2016-03-01,08:32:53,13号线金运路,地铁,0.0,非优惠
347,2002289445,2016-03-01,08:44:59,13号线真北路,地铁,3.0,非优惠
348,2002289445,2016-03-01,18:13:20,13号线金运路,地铁,3.0,非优惠
349,2002289445,2016-03-01,17:57:27,13号线真北路,地铁,0.0,非优惠
350,3300985236,2016-03-01,08:27:05,1号线人民广场,地铁,3.0,非优惠
351,3300985236,2016-03-01,08:14:02,2号线东昌路,地铁,0.0,非优惠
352,2800303461,2016-03-01,09:47:01,2号线南京西路,地铁,0.0,非优惠
353,2800303461,2016-03-01,12:32:11,2号线龙阳路,地铁,0.0,非优惠
354,2800303461,2016-03-01,10:13:19,2号线龙阳路,地铁,4.0,非优惠
355,2800303461,2016-03-01,12:57:42,2号线南京西路,地铁,4.0,非优惠
356,3101740769,2016-03-01,10:46:44,3号线延安西路,地铁,0.0,非优惠
357,3101740769,2016-03-01,11:10:55,10号线龙柏新村,地铁,4.0,非优惠
358,2103518843,2016-03-01,22:36:34,2号线陆家嘴,地铁,5.0,非优惠
359,2103518843,2016-03-01,21:45:15,11号线南翔,地铁,0.0,非优惠
360,2000012156,2016-03-01,07:29:02,7号线长清路,地铁,3.0,优惠
361,2000012156,2016-03-01,16:47:04,7号线长清路,地铁,0.0,非优惠
362,2000012156,2016-03-01,17:04:10,7号线芳华路,地铁,4.0,非优惠
363,2000012156,2016-03-01,07:11:06,7号线芳华路,地铁,0.0,非优惠
364,2502951346,2016-03-01,07:44:30,6号线高青路,地铁,0.0,非优惠
365,2502951346,2016-03-01,08:08:53,4号线世纪大道,地铁,4.0,非优惠
366,2502951346,2016-03-01,17:43:26,4号线世纪大道,地铁,0.0,非优惠
367,2502951346,2016-03-01,18:01:07,6号线高青路,地铁,4.0,非优惠
368,3104058764,2016-03-01,15:44:28,8号线陆家浜路,地铁,5.0,非优惠
369,3104058764,2016-03-01,14:55:47,2号线虹桥火车站,地铁,0.0,非优惠
370,3004449195,2016-03-01,18:04:42,4号线上海体育场,地铁,0.0,非优惠
371,3004449195,2016-03-01,18:44:05,10号线航中路,地铁,4.0,非优惠
372,2303292570,2016-03-01,07:05:27,8号线鞍山新村,地铁,0.0,非优惠
373,2303292570,2016-03-01,07:12:37,8号线曲阳路,地铁,3.0,非优惠
374,2104728327,2016-03-01,08:55:06,9号线商城路,地铁,3.0,优惠
375,2104728327,2016-03-01,08:31:04,8号线杨思,地铁,0.0,非优惠
376,2104728327,2016-03-01,17:54:22,9号线商城路,地铁,0.0,非优惠
377,401940721,2016-03-01,10:45:31,4号线南浦大桥,地铁,3.0,非优惠
378,401940721,2016-03-01,10:26:42,4号线上海体育场,地铁,0.0,非优惠
379,2402851213,2016-03-01,14:10:40,2号线世纪公园,地铁,4.0,非优惠
380,2402851213,2016-03-01,13:41:16,8号线老西门,地铁,0.0,非优惠
381,102277563,2016-03-01,12:12:03,8号线人民广场,地铁,0.0,非优惠
382,102277563,2016-03-01,14:30:43,1号线莘庄,地铁,0.0,非优惠
383,102277563,2016-03-01,12:50:33,1号线莘庄,地铁,3.0,优惠
384,102277563,2016-03-01,15:52:59,1号线陕西南路,地铁,0.0,非优惠
385,102277563,2016-03-01,15:00:30,1号线陕西南路,地铁,4.0,非优惠
386,102277563,2016-03-01,16:23:22,7号线大华三路,地铁,4.0,非优惠
387,2802788893,2016-03-01,09:13:15,3号线殷高西路,地铁,3.0,优惠
388,2802788893,2016-03-01,17:25:58,3号线殷高西路,地铁,0.0,非优惠
389,2802788893,2016-03-01,17:44:02,3号线水产路,地铁,4.0,非优惠
390,2802788893,2016-03-01,08:38:22,3号线江杨北路,地铁,0.0,非优惠
391,2801616727,2016-03-01,06:59:21,6号线金桥路,地铁,0.0,非优惠
392,2801616727,2016-03-01,07:19:07,6号线浦电路,地铁,3.0,优惠
393,2601028343,2016-03-01,09:08:34,3号线殷高西路,地铁,0.0,非优惠
394,2601028343,2016-03-01,14:43:23,3号线殷高西路,地铁,4.0,非优惠
395,2601028343,2016-03-01,14:06:10,3号线中山公园,地铁,0.0,非优惠
396,2601028343,2016-03-01,09:51:52,3号线中山公园,地铁,3.0,优惠
397,501429511,2016-03-01,08:45:27,10号线邮电新村,地铁,0.0,非优惠
398,501429511,2016-03-01,19:11:00,10号线交通大学,地铁,0.0,非优惠
399,501429511,2016-03-01,19:35:16,10号线邮电新村,地铁,4.0,非优惠
400,501429511,2016-03-01,09:15:47,10号线四川北路,地铁,0.0,非优惠
401,501429511,2016-03-01,08:54:18,10号线四川北路,地铁,3.0,非优惠
402,501429511,2016-03-01,09:36:25,10号线交通大学,地铁,4.0,非优惠
403,2702492982,2016-03-01,20:08:20,9号线松江大学城,地铁,7.0,非优惠
404,2702492982,2016-03-01,09:29:10,1号线上海马戏城,地铁,7.0,非优惠
405,2702492982,2016-03-01,08:04:56,9号线松江大学城,地铁,0.0,非优惠
406,2702492982,2016-03-01,18:51:25,1号线上海马戏城,地铁,0.0,非优惠
407,2802528108,2016-03-01,07:23:20,7号线新村路,地铁,0.0,非优惠
408,2802528108,2016-03-01,08:12:53,9号线九亭,地铁,5.0,非优惠
409,2802528108,2016-03-01,19:29:58,9号线九亭,地铁,0.0,非优惠
410,2802528108,2016-03-01,20:17:08,7号线新村路,地铁,5.0,非优惠
411,2105216684,2016-03-01,10:38:28,1号线徐家汇,地铁,6.0,非优惠
412,2105216684,2016-03-01,14:35:00,11号线白银路,地铁,6.0,非优惠
413,2105216684,2016-03-01,13:17:51,4号线大木桥路 ,地铁,0.0,非优惠
414,2105216684,2016-03-01,09:45:02,11号线白银路,地铁,0.0,非优惠
415,3002384445,2016-03-01,18:52:48,11号线桃浦新村,地铁,4.0,非优惠
416,3002384445,2016-03-01,18:06:06,2号线南京东路,地铁,0.0,非优惠
417,3002384445,2016-03-01,07:51:38,11号线桃浦新村,地铁,0.0,非优惠
418,3002384445,2016-03-01,08:39:51,2号线南京东路,地铁,4.0,非优惠
419,2204821094,2016-03-01,20:27:45,2号线中山公园,地铁,3.0,非优惠
420,2204821094,2016-03-01,08:43:26,8号线大世界,地铁,4.0,非优惠
421,2204821094,2016-03-01,20:12:05,1号线人民广场,地铁,0.0,非优惠
422,2204821094,2016-03-01,08:23:08,2号线中山公园,地铁,0.0,非优惠
423,3101787495,2016-03-01,20:06:31,2号线浦东国际机场,地铁,0.0,非优惠
424,3101787495,2016-03-01,20:43:43,2号线广兰路,地铁,5.0,非优惠
425,2302743932,2016-03-01,08:08:25,8号线芦恒路,地铁,0.0,非优惠
426,2302743932,2016-03-01,18:29:54,8号线芦恒路,地铁,5.0,非优惠
427,2302743932,2016-03-01,17:50:38,1号线汉中路,地铁,0.0,非优惠
428,2302743932,2016-03-01,08:48:53,1号线汉中路,地铁,5.0,非优惠
429,2901786790,2016-03-01,18:42:37,2号线广兰路,地铁,5.0,非优惠
430,2901786790,2016-03-01,07:49:16,2号线广兰路,地铁,0.0,非优惠
431,2901786790,2016-03-01,17:51:26,9号线漕河泾开发区,地铁,0.0,非优惠
432,2303248680,2016-03-01,21:11:15,2号线世纪公园,地铁,3.0,非优惠
433,2303248680,2016-03-01,20:59:47,4号线世纪大道,地铁,0.0,非优惠
434,2603734982,2016-03-01,16:20:53,12号线江浦公园,地铁,0.0,非优惠
435,2603734982,2016-03-01,08:00:56,7号线上大路,地铁,0.0,非优惠
436,2603734982,2016-03-01,08:51:09,12号线江浦公园,地铁,5.0,非优惠
437,2603734982,2016-03-01,17:29:51,7号线刘行,地铁,6.0,非优惠
438,3104746145,2016-03-01,11:19:05,10号线交通大学,地铁,0.0,非优惠
439,3104746145,2016-03-01,08:26:51,10号线交通大学,地铁,4.0,非优惠
440,3104746145,2016-03-01,11:51:46,2号线东昌路,地铁,4.0,非优惠
441,3104746145,2016-03-01,07:57:24,9号线商城路,地铁,0.0,非优惠
442,2103251118,2016-03-01,23:02:22,4号线蓝村路,地铁,3.0,非优惠
443,2103251118,2016-03-01,22:54:28,4号线浦电路,地铁,0.0,非优惠
444,2103251118,2016-03-01,09:32:59,4号线蓝村路,地铁,0.0,非优惠
445,2103251118,2016-03-01,09:36:22,4号线浦电路,地铁,3.0,非优惠
446,2304029446,2016-03-01,08:36:17,11号线祁连山路,地铁,0.0,非优惠
447,2304029446,2016-03-01,09:20:53,1号线黄陂南路,地铁,4.0,非优惠
448,2205014136,2016-03-01,06:44:33,2号线川沙,地铁,0.0,非优惠
449,2205014136,2016-03-01,07:21:52,4号线世纪大道,地铁,5.0,非优惠
450,2205014136,2016-03-01,15:42:22,2号线川沙,地铁,5.0,非优惠
451,2205014136,2016-03-01,14:55:08,4号线世纪大道,地铁,0.0,非优惠
452,2201814937,2016-03-01,14:58:30,9号线合川路,地铁,0.0,非优惠
453,2201814937,2016-03-01,17:24:27,2号线南京西路,地铁,0.0,非优惠
454,2201814937,2016-03-01,18:24:06,10号线航中路,地铁,4.0,非优惠
455,201860343,2016-03-01,18:09:42,13号线武宁路,地铁,0.0,非优惠
456,201860343,2016-03-01,18:34:17,7号线大场镇,地铁,4.0,非优惠
457,3103337975,2016-03-01,22:59:10,2号线广兰路,地铁,5.0,非优惠
458,3103337975,2016-03-01,22:16:50,1号线上海火车站,地铁,0.0,非优惠
459,100719450,2016-03-01,15:10:29,1号线黄陂南路,地铁,4.0,非优惠
460,100719450,2016-03-01,14:31:25,8号线翔殷路,地铁,0.0,非优惠
461,100719450,2016-03-01,10:33:32,1号线黄陂南路,地铁,4.0,非优惠
462,100719450,2016-03-01,09:52:10,8号线芦恒路,地铁,0.0,非优惠
463,2901590684,2016-03-01,08:06:21,2号线虹桥火车站,地铁,5.0,非优惠
464,2901590684,2016-03-01,18:47:46,2号线东昌路,地铁,5.0,非优惠
465,2901590684,2016-03-01,18:00:39,2号线虹桥火车站,地铁,0.0,非优惠
466,2901590684,2016-03-01,07:17:35,2号线东昌路,地铁,0.0,非优惠
467,3800189847,2016-03-01,12:07:04,1号线宝安公路,地铁,6.0,非优惠
468,3800189847,2016-03-01,10:46:48,2号线徐泾东,地铁,0.0,非优惠
469,2104949203,2016-03-01,15:35:27,8号线四平路,地铁,0.0,非优惠
470,2104949203,2016-03-01,18:32:23,8号线虹口足球场,地铁,0.0,非优惠
471,2104949203,2016-03-01,15:44:19,8号线虹口足球场,地铁,3.0,非优惠
472,2104949203,2016-03-01,18:42:38,8号线四平路,地铁,3.0,非优惠
473,3003991363,2016-03-01,17:02:07,10号线航中路,地铁,5.0,非优惠
474,3003991363,2016-03-01,13:50:15,2号线北新泾,地铁,0.0,非优惠
475,3003991363,2016-03-01,14:25:58,8号线大世界,地铁,4.0,非优惠
476,3003991363,2016-03-01,16:19:54,8号线大世界,地铁,0.0,非优惠
477,2802593675,2016-03-01,15:35:57,9号线九亭,地铁,0.0,非优惠
478,2802593675,2016-03-01,09:27:35,9号线洞泾,地铁,6.0,优惠
479,2802593675,2016-03-01,16:33:10,6号线德平路,地铁,5.0,优惠
480,2802593675,2016-03-01,08:14:19,9号线杨高中路,地铁,0.0,非优惠
481,2104327543,2016-03-01,10:35:30,7号线大华三路,地铁,4.0,优惠
482,2104327543,2016-03-01,13:54:57,7号线上大路,地铁,0.0,非优惠
483,2104327543,2016-03-01,14:30:44,7号线美兰湖,地铁,4.0,非优惠
484,2104327543,2016-03-01,11:48:34,7号线大华三路,地铁,0.0,非优惠
485,2104327543,2016-03-01,09:50:27,7号线美兰湖,地铁,0.0,非优惠
486,2104327543,2016-03-01,12:04:49,7号线上大路,地铁,3.0,非优惠
487,2904351295,2016-03-01,16:34:47,12号线国际客运中心,地铁,4.0,非优惠
488,2904351295,2016-03-01,17:11:12,12号线国际客运中心,地铁,0.0,非优惠
489,2904351295,2016-03-01,16:07:46,10号线江湾体育场,地铁,0.0,非优惠
490,2904351295,2016-03-01,17:52:39,1号线共康路,地铁,4.0,非优惠
491,2104945888,2016-03-01,11:45:34,4号线上海体育场,地铁,0.0,非优惠
492,2104945888,2016-03-01,12:23:51,2号线虹桥火车站,地铁,4.0,非优惠
493,2103240735,2016-03-01,20:40:11,10号线新天地,地铁,0.0,非优惠
494,2103240735,2016-03-01,09:46:27,10号线新天地,地铁,4.0,非优惠
495,2103240735,2016-03-01,09:30:25,10号线宋园路,地铁,0.0,非优惠
496,2103240735,2016-03-01,20:56:02,10号线宋园路,地铁,4.0,非优惠
497,2804233794,2016-03-01,08:25:10,2号线凌空路,地铁,0.0,非优惠
498,2804233794,2016-03-01,09:07:40,4号线世纪大道,地铁,5.0,非优惠
499,2804233794,2016-03-01,18:06:52,2号线凌空路,地铁,5.0,非优惠
500,2804233794,2016-03-01,17:24:03,4号线世纪大道,地铁,0.0,非优惠
501,720061113,2016-03-01,18:32:57,5号线东川路,地铁,5.0,非优惠
502,720061113,2016-03-01,08:08:21,3号线虹桥路,地铁,4.0,优惠
503,720061113,2016-03-01,07:13:33,5号线东川路,地铁,0.0,非优惠
504,720061113,2016-03-01,17:43:02,3号线虹桥路,地铁,0.0,非优惠
505,2103039206,2016-03-01,09:16:43,6号线高科西路,地铁,4.0,非优惠
506,2103039206,2016-03-01,16:39:30,7号线昌平路,地铁,4.0,非优惠
507,2103039206,2016-03-01,08:49:24,7号线昌平路,地铁,0.0,非优惠
508,2103039206,2016-03-01,16:10:45,6号线高科西路,地铁,0.0,非优惠
509,2303766676,2016-03-01,17:07:19,11号线三林,地铁,3.0,优惠
510,2303766676,2016-03-01,16:39:47,8号线沈杜公路,地铁,0.0,非优惠
511,2303766676,2016-03-01,12:47:41,8号线沈杜公路,地铁,4.0,非优惠
512,3002139559,2016-03-01,06:49:00,11号线李子园路,地铁,0.0,非优惠
513,3002139559,2016-03-01,07:26:56,2号线东昌路,地铁,4.0,非优惠
514,760397041,2016-03-01,14:57:48,13号线祁连山南路,地铁,1.0,非优惠
515,760397041,2016-03-01,14:21:04,2号线南京西路,地铁,3.0,优惠
516,760397041,2016-03-01,13:50:26,2号线金科路,地铁,0.0,非优惠
517,502734942,2016-03-01,08:33:24,7号线顾村公园,地铁,0.0,非优惠
518,502734942,2016-03-01,21:36:26,7号线顾村公园,地铁,5.0,非优惠
519,2801198061,2016-03-01,08:49:07,7号线镇坪路,地铁,4.0,非优惠
520,2801198061,2016-03-01,20:44:58,7号线镇坪路,地铁,0.0,非优惠
521,2801198061,2016-03-01,08:28:30,7号线场中路,地铁,0.0,非优惠
522,2801198061,2016-03-01,21:01:47,7号线场中路,地铁,4.0,非优惠
523,2502071267,2016-03-01,16:42:58,8号线成山路,地铁,0.0,非优惠
524,2502071267,2016-03-01,16:54:41,8号线西藏南路,地铁,2.0,优惠
525,780124414,2016-03-01,13:17:27,2号线中山公园,地铁,3.0,优惠
526,780124414,2016-03-01,12:51:26,2号线东昌路,地铁,0.0,非优惠
527,761071296,2016-03-01,06:47:39,9号线桂林路,地铁,0.0,非优惠
528,761071296,2016-03-01,06:49:17,9号线桂林路,地铁,0.0,优惠
529,761071296,2016-03-01,06:50:07,9号线桂林路,地铁,0.0,非优惠
530,761071296,2016-03-01,07:10:13,7号线静安寺,地铁,4.0,非优惠
531,761071296,2016-03-01,17:13:07,7号线静安寺,地铁,0.0,非优惠
532,761071296,2016-03-01,17:34:58,9号线桂林路,地铁,4.0,非优惠
533,760244266,2016-03-01,15:05:13,10号线上海动物园,地铁,5.0,非优惠
534,760244266,2016-03-01,14:12:16,3号线大柏树,地铁,0.0,非优惠
535,760244266,2016-03-01,09:11:46,10号线航中路,地铁,0.0,非优惠
536,760244266,2016-03-01,10:10:47,1号线汶水路,地铁,5.0,非优惠
537,201950165,2016-03-01,08:10:26,13号线真北路,地铁,0.0,非优惠
538,201950165,2016-03-01,19:06:53,7号线花木路,地铁,0.0,非优惠
539,201950165,2016-03-01,09:06:26,7号线花木路,地铁,5.0,非优惠
540,201950165,2016-03-01,20:03:10,13号线真北路,地铁,5.0,非优惠
541,2001913898,2016-03-01,19:10:43,2号线江苏路,地铁,4.0,非优惠
542,2001913898,2016-03-01,18:36:14,1号线上海马戏城,地铁,0.0,非优惠
543,2001913898,2016-03-01,10:00:05,1号线上海马戏城,地铁,4.0,非优惠
544,2001913898,2016-03-01,09:24:02,2号线江苏路,地铁,0.0,非优惠
545,2204164837,2016-03-01,18:15:39,2号线陆家嘴,地铁,0.0,非优惠
546,2204164837,2016-03-01,18:57:14,2号线虹桥2号航站楼,地铁,5.0,非优惠
547,2903680794,2016-03-01,19:09:31,3号线宝杨路,地铁,5.0,非优惠
548,2903680794,2016-03-01,07:35:31,3号线宝杨路,地铁,0.0,非优惠
549,2903680794,2016-03-01,17:54:41,4号线大木桥路 ,地铁,0.0,非优惠
550,2903680794,2016-03-01,08:37:44,4号线鲁班路,地铁,5.0,非优惠
551,2201604898,2016-03-01,15:12:29,8号线西藏南路,地铁,0.0,非优惠
552,2201604898,2016-03-01,15:46:03,3号线曹杨路,地铁,4.0,非优惠
553,2201604898,2016-03-01,11:26:41,11号线南翔,地铁,0.0,非优惠
554,2201604898,2016-03-01,12:32:55,8号线西藏南路,地铁,4.0,优惠
555,3102642289,2016-03-01,08:45:38,10号线陕西南路,地铁,4.0,非优惠
556,3102642289,2016-03-01,22:02:51,7号线岚皋路,地铁,4.0,非优惠
557,3102642289,2016-03-01,21:38:49,1号线陕西南路,地铁,0.0,非优惠
558,3102642289,2016-03-01,08:08:54,7号线岚皋路,地铁,0.0,非优惠
559,2804033638,2016-03-01,16:35:15,4号线鲁班路,地铁,0.0,非优惠
560,2804033638,2016-03-01,16:49:57,8号线成山路,地铁,3.0,非优惠
561,2804033638,2016-03-01,08:29:26,8号线成山路,地铁,0.0,非优惠
562,2804033638,2016-03-01,08:52:17,4号线鲁班路,地铁,2.0,优惠
563,3003392181,2016-03-01,19:55:36,11号线兆丰路,地铁,6.0,非优惠
564,3003392181,2016-03-01,11:53:01,11号线曹杨路,地铁,6.0,非优惠
565,3003392181,2016-03-01,10:56:25,11号线兆丰路,地铁,0.0,非优惠
566,3003392181,2016-03-01,19:00:33,11号线曹杨路,地铁,0.0,非优惠
567,2203768475,2016-03-01,22:06:02,2号线唐镇,地铁,6.0,非优惠
568,2203768475,2016-03-01,20:58:04,1号线上海南站,地铁,0.0,非优惠
569,3004506839,2016-03-01,06:42:29,7号线昌平路,地铁,0.0,非优惠
570,3004506839,2016-03-01,07:10:46,6号线高科西路,地铁,4.0,非优惠
571,2800922617,2016-03-01,10:35:22,3号线中潭路,地铁,5.0,非优惠
572,2800922617,2016-03-01,15:14:01,9号线七宝,地铁,5.0,非优惠
573,2800922617,2016-03-01,09:51:06,9号线七宝,地铁,0.0,非优惠
574,2800922617,2016-03-01,14:24:24,3号线中潭路,地铁,0.0,非优惠
575,2203627493,2016-03-01,08:19:21,3号线宝杨路,地铁,0.0,非优惠
576,2203627493,2016-03-01,18:13:51,3号线淞浜路,地铁,5.0,非优惠
577,2203627493,2016-03-01,17:25:29,11号线曹杨路,地铁,0.0,非优惠
578,2203627493,2016-03-01,09:13:19,11号线曹杨路,地铁,5.0,非优惠
579,2904392385,2016-03-01,19:38:21,2号线虹桥2号航站楼,地铁,5.0,非优惠
580,2904392385,2016-03-01,18:54:01,4号线世纪大道,地铁,0.0,非优惠
581,3004419289,2016-03-01,07:00:51,9号线九亭,地铁,0.0,非优惠
582,3004419289,2016-03-01,19:34:32,8号线中兴路,地铁,0.0,非优惠
583,3004419289,2016-03-01,20:27:05,9号线九亭,地铁,5.0,非优惠
584,3004419289,2016-03-01,07:50:27,8号线中兴路,地铁,4.0,优惠
585,501295574,2016-03-01,22:19:39,1号线黄陂南路,地铁,0.0,非优惠
586,501295574,2016-03-01,22:45:30,10号线水城路,地铁,4.0,非优惠
587,2902754932,2016-03-01,20:09:40,4号线宜山路,地铁,0.0,非优惠
588,2902754932,2016-03-01,09:18:55,4号线宜山路,地铁,4.0,非优惠
589,2902754932,2016-03-01,08:48:28,2号线淞虹路,地铁,0.0,非优惠
590,2902754932,2016-03-01,20:42:47,2号线淞虹路,地铁,4.0,非优惠
591,300885756,2016-03-01,18:17:36,8号线曲阳路,地铁,4.0,非优惠
592,300885756,2016-03-01,08:45:32,8号线西藏南路,地铁,4.0,非优惠
593,300885756,2016-03-01,08:20:10,8号线曲阳路,地铁,0.0,非优惠
594,300885756,2016-03-01,17:52:26,8号线西藏南路,地铁,0.0,非优惠
595,3004551961,2016-03-01,17:18:42,9号线徐家汇,地铁,4.0,非优惠
596,3004551961,2016-03-01,16:59:46,10号线上海动物园,地铁,0.0,非优惠
597,2002422555,2016-03-01,12:32:30,2号线唐镇,地铁,0.0,非优惠
598,2002422555,2016-03-01,16:31:58,8号线西藏南路,地铁,0.0,非优惠
599,2002422555,2016-03-01,13:31:22,8号线西藏南路,地铁,5.0,非优惠
600,2002422555,2016-03-01,17:27:29,2号线唐镇,地铁,5.0,非优惠
601,2904093706,2016-03-01,18:01:33,7号线潘广路,地铁,4.0,非优惠
602,2904093706,2016-03-01,17:22:47,7号线岚皋路,地铁,0.0,非优惠
603,2904093706,2016-03-01,06:04:15,7号线刘行,地铁,0.0,非优惠
604,2904093706,2016-03-01,06:34:19,7号线岚皋路,地铁,4.0,非优惠
605,2903419351,2016-03-01,16:47:02,6号线外高桥保税区北,地铁,0.0,非优惠
606,2903419351,2016-03-01,18:08:49,2号线娄山关路,地铁,6.0,非优惠
607,2903419351,2016-03-01,07:41:05,2号线娄山关路,地铁,0.0,非优惠
608,2903419351,2016-03-01,08:54:23,6号线外高桥保税区北,地铁,6.0,非优惠
609,2103787330,2016-03-01,09:16:06,3号线宜山路,地铁,0.0,非优惠
610,2103787330,2016-03-01,09:53:35,3号线大柏树,地铁,4.0,非优惠
611,2903567292,2016-03-01,15:44:18,12号线宁国路,地铁,0.0,非优惠
612,2903567292,2016-03-01,16:01:59,12号线巨峰路,地铁,3.0,非优惠
613,2101189893,2016-03-01,15:04:09,4号线大连路,地铁,0.0,非优惠
614,2101189893,2016-03-01,15:35:33,7号线肇嘉浜路,地铁,4.0,非优惠
615,2101189893,2016-03-01,10:57:41,12号线宁国路,地铁,0.0,非优惠
616,2101189893,2016-03-01,09:58:30,4号线大连路,地铁,0.0,非优惠
617,2101189893,2016-03-01,20:48:16,7号线肇嘉浜路,地铁,0.0,非优惠
618,2101189893,2016-03-01,21:49:45,3号线赤峰路,地铁,4.0,非优惠
619,2101189893,2016-03-01,10:07:00,12号线宁国路,地铁,3.0,非优惠
620,2101189893,2016-03-01,11:06:29,4号线大连路,地铁,3.0,非优惠
621,2603789356,2016-03-01,09:21:19,9号线马当路,地铁,0.0,非优惠
622,2502936255,2016-03-01,17:52:33,8号线西藏北路,地铁,3.0,非优惠
623,2502936255,2016-03-01,17:39:11,8号线大世界,地铁,0.0,非优惠
624,3102787557,2016-03-01,10:52:18,9号线商城路,地铁,4.0,非优惠
625,3102787557,2016-03-01,15:47:25,6号线高青路,地铁,4.0,非优惠
626,3102787557,2016-03-01,09:57:25,11号线三林,地铁,0.0,非优惠
627,3102787557,2016-03-01,15:23:15,9号线商城路,地铁,0.0,非优惠
628,3850281376,2016-03-01,15:00:43,3号线赤峰路,地铁,0.0,非优惠
629,3850281376,2016-03-01,09:12:00,3号线赤峰路,地铁,5.0,非优惠
630,3850281376,2016-03-01,08:18:07,11号线南翔,地铁,0.0,非优惠
631,3850281376,2016-03-01,15:53:36,11号线南翔,地铁,5.0,非优惠
632,2001370788,2016-03-01,08:03:25,2号线威宁路,地铁,0.0,非优惠
633,2001370788,2016-03-01,19:52:27,1号线人民广场,地铁,0.0,非优惠
634,2001370788,2016-03-01,17:05:55,2号线江苏路,地铁,0.0,非优惠
635,2001370788,2016-03-01,08:16:45,2号线江苏路,地铁,3.0,非优惠
636,2001370788,2016-03-01,17:22:12,8号线人民广场,地铁,3.0,非优惠
637,2001370788,2016-03-01,20:13:12,2号线威宁路,地铁,4.0,非优惠
638,2802021788,2016-03-01,09:25:26,6号线德平路,地铁,0.0,非优惠
639,2802021788,2016-03-01,09:56:46,2号线南京西路,地铁,4.0,非优惠
640,2003371867,2016-03-01,18:22:11,11号线江苏路,地铁,0.0,非优惠
641,2003371867,2016-03-01,09:27:06,10号线江湾体育场,地铁,0.0,非优惠
642,2003371867,2016-03-01,19:15:11,10号线江湾体育场,地铁,4.0,非优惠
643,2003371867,2016-03-01,10:04:54,11号线江苏路,地铁,4.0,非优惠
644,3104762175,2016-03-01,08:34:23,10号线天潼路,地铁,0.0,非优惠
645,3104762175,2016-03-01,08:58:43,4号线世纪大道,地铁,3.0,非优惠
646,3104762175,2016-03-01,15:50:32,10号线天潼路,地铁,3.0,非优惠
647,3104762175,2016-03-01,15:27:33,4号线世纪大道,地铁,0.0,非优惠
648,701802645,2016-03-01,17:18:23,3号线虹桥路,地铁,0.0,非优惠
649,701802645,2016-03-01,17:35:20,3号线中潭路,地铁,4.0,非优惠
650,701802645,2016-03-01,08:24:30,3号线虹桥路,地铁,4.0,非优惠
651,701802645,2016-03-01,08:02:05,3号线中潭路,地铁,0.0,非优惠
652,2104721953,2016-03-01,12:40:42,12号线江浦公园,地铁,0.0,非优惠
653,2104721953,2016-03-01,13:45:05,2号线虹桥火车站,地铁,5.0,非优惠
654,2104947177,2016-03-01,12:37:41,1号线延长路,地铁,0.0,非优惠
655,2104947177,2016-03-01,16:47:05,2号线南京东路,地铁,0.0,非优惠
656,2104947177,2016-03-01,14:42:55,9号线合川路,地铁,0.0,非优惠
657,2104947177,2016-03-01,13:23:51,9号线合川路,地铁,5.0,非优惠
658,2104947177,2016-03-01,17:14:47,1号线延长路,地铁,4.0,非优惠
659,2104947177,2016-03-01,15:12:11,8号线人民广场,地铁,4.0,非优惠
660,2203529777,2016-03-01,19:55:07,7号线静安寺,地铁,4.0,非优惠
661,2203529777,2016-03-01,19:28:15,7号线南陈路,地铁,0.0,非优惠
662,501540310,2016-03-01,10:03:53,1号线徐家汇,地铁,5.0,非优惠
663,501540310,2016-03-01,21:24:32,1号线徐家汇,地铁,0.0,非优惠
664,501540310,2016-03-01,14:18:09,1号线徐家汇,地铁,3.0,非优惠
665,501540310,2016-03-01,14:04:12,7号线肇嘉浜路,地铁,0.0,非优惠
666,501540310,2016-03-01,22:12:27,1号线通河新村,地铁,5.0,非优惠
667,501540310,2016-03-01,12:05:07,1号线徐家汇,地铁,0.0,非优惠
668,501540310,2016-03-01,09:21:57,1号线通河新村,地铁,0.0,非优惠
669,501540310,2016-03-01,12:15:04,7号线肇嘉浜路,地铁,3.0,非优惠
670,2204913038,2016-03-01,19:05:42,8号线成山路,地铁,4.0,非优惠
671,2204913038,2016-03-01,16:41:15,2号线静安寺,地铁,0.0,非优惠
672,2204913038,2016-03-01,09:24:54,9号线宜山路,地铁,4.0,非优惠
673,2204913038,2016-03-01,17:22:58,7号线肇嘉浜路,地铁,3.0,非优惠
674,2204913038,2016-03-01,14:28:05,4号线上海体育馆,地铁,0.0,非优惠
675,2204913038,2016-03-01,14:06:59,1号线上海体育馆,地铁,3.0,非优惠
676,2204913038,2016-03-01,14:01:46,1号线徐家汇,地铁,0.0,非优惠
677,2204913038,2016-03-01,18:43:00,7号线肇嘉浜路,地铁,0.0,非优惠
678,2204913038,2016-03-01,12:40:05,9号线徐家汇,地铁,3.0,非优惠
679,2204913038,2016-03-01,12:30:47,9号线宜山路,地铁,0.0,非优惠
680,2204913038,2016-03-01,08:51:50,8号线成山路,地铁,0.0,非优惠
681,2204913038,2016-03-01,14:59:25,2号线静安寺,地铁,3.0,非优惠
682,3004760430,2016-03-01,19:51:31,3号线江湾镇,地铁,3.0,非优惠
683,3004760430,2016-03-01,09:19:07,3号线大柏树,地铁,3.0,非优惠
684,3004760430,2016-03-01,09:13:47,3号线江湾镇,地铁,0.0,非优惠
685,3004760430,2016-03-01,19:44:27,3号线大柏树,地铁,0.0,非优惠
686,2701260644,2016-03-01,13:50:57,11号线浦三路,地铁,3.0,非优惠
687,2701260644,2016-03-01,10:36:03,11号线御桥,地铁,2.0,优惠
688,2701260644,2016-03-01,10:22:07,11号线浦三路,地铁,0.0,非优惠
689,2701260644,2016-03-01,13:34:16,11号线御桥,地铁,0.0,非优惠
690,3102521989,2016-03-01,08:18:41,1号线富锦路,地铁,0.0,非优惠
691,3102521989,2016-03-01,19:07:47,1号线富锦路,地铁,2.0,非优惠
692,3102521989,2016-03-01,18:29:52,3号线上海火车站,地铁,3.0,非优惠
693,3102521989,2016-03-01,18:34:02,1号线上海火车站,地铁,0.0,非优惠
694,3102521989,2016-03-01,08:58:52,3号线上海火车站,地铁,0.0,非优惠
695,3102521989,2016-03-01,08:54:28,1号线上海火车站,地铁,5.0,非优惠
696,3102521989,2016-03-01,09:14:21,4号线大连路,地铁,0.0,非优惠
697,3102521989,2016-03-01,18:14:33,4号线大连路,地铁,0.0,非优惠
698,2702423070,2016-03-01,12:32:47,1号线莘庄,地铁,0.0,非优惠
699,2702423070,2016-03-01,13:22:26,4号线世纪大道,地铁,4.0,优惠
700,601609006,2016-03-01,17:10:22,1号线彭浦新村,地铁,4.0,非优惠
701,601609006,2016-03-01,16:41:52,1号线人民广场,地铁,0.0,非优惠
702,601609006,2016-03-01,09:18:35,1号线通河新村,地铁,0.0,非优惠
703,601609006,2016-03-01,09:57:56,2号线南京东路,地铁,4.0,非优惠
704,2903712079,2016-03-01,18:30:39,2号线徐泾东,地铁,3.0,优惠
705,2903712079,2016-03-01,18:09:05,2号线北新泾,地铁,0.0,非优惠
706,2903712079,2016-03-01,09:25:09,13号线真北路,地铁,3.0,非优惠
707,2903712079,2016-03-01,09:12:46,13号线金运路,地铁,0.0,非优惠
708,2104265557,2016-03-01,17:19:14,8号线大世界,地铁,0.0,非优惠
709,2104265557,2016-03-01,17:49:36,6号线上南路,地铁,4.0,非优惠
710,2401446901,2016-03-01,19:19:47,8号线人民广场,地铁,0.0,非优惠
711,2401446901,2016-03-01,08:31:42,8号线人民广场,地铁,5.0,非优惠
712,2401446901,2016-03-01,20:02:53,5号线春申路,地铁,5.0,非优惠
713,2401446901,2016-03-01,07:39:49,5号线春申路,地铁,0.0,非优惠
714,3600262033,2016-03-01,07:59:11,10号线豫园,地铁,6.0,非优惠
715,3600262033,2016-03-01,13:02:08,10号线豫园,地铁,0.0,非优惠
716,3600262033,2016-03-01,14:16:25,11号线嘉定西,地铁,6.0,非优惠
717,3600262033,2016-03-01,06:39:51,11号线嘉定西,地铁,0.0,非优惠
718,2701711819,2016-03-01,16:49:04,7号线新村路,地铁,3.0,优惠
719,2701711819,2016-03-01,16:26:28,9号线徐家汇,地铁,0.0,非优惠
720,2701711819,2016-03-01,12:55:59,7号线新村路,地铁,0.0,非优惠
721,2702440254,2016-03-01,18:42:17,1号线外环路,地铁,4.0,非优惠
722,2702440254,2016-03-01,18:02:46,3号线中山公园,地铁,0.0,非优惠
723,2702440254,2016-03-01,14:16:53,1号线新闸路,地铁,0.0,非优惠
724,2702440254,2016-03-01,14:41:02,2号线中山公园,地铁,4.0,非优惠
725,2303090351,2016-03-01,14:59:31,8号线陆家浜路,地铁,3.0,非优惠
726,2303090351,2016-03-01,16:31:09,9号线嘉善路,地铁,3.0,非优惠
727,2303090351,2016-03-01,14:44:59,9号线嘉善路,地铁,0.0,非优惠
728,2303090351,2016-03-01,16:21:03,8号线陆家浜路,地铁,0.0,非优惠
729,2902447327,2016-03-01,20:02:57,4号线蓝村路,地铁,0.0,非优惠
730,2902447327,2016-03-01,21:07:31,11号线南翔,地铁,5.0,非优惠
731,2902447327,2016-03-01,08:22:57,4号线蓝村路,地铁,4.0,优惠
732,2902447327,2016-03-01,07:16:55,11号线南翔,地铁,0.0,非优惠
733,3102144157,2016-03-01,08:46:42,11号线李子园路,地铁,0.0,非优惠
734,3102144157,2016-03-01,09:31:58,11号线兆丰路,地铁,6.0,非优惠
735,3102144157,2016-03-01,15:42:57,11号线李子园路,地铁,6.0,非优惠
736,3102144157,2016-03-01,14:55:25,11号线花桥,地铁,0.0,非优惠
737,2303978884,2016-03-01,15:12:46,4号线世纪大道,地铁,4.0,非优惠
738,2303978884,2016-03-01,14:45:08,7号线常熟路,地铁,0.0,非优惠
739,2005019085,2016-03-01,17:01:13,9号线小南门,地铁,0.0,非优惠
740,2005019085,2016-03-01,17:44:41,8号线沈杜公路,地铁,5.0,非优惠
741,2004461287,2016-03-01,17:04:06,3号线赤峰路,地铁,0.0,非优惠
742,2004461287,2016-03-01,07:48:10,3号线赤峰路,地铁,4.0,非优惠
743,2004461287,2016-03-01,17:45:15,2号线威宁路,地铁,4.0,非优惠
744,2004461287,2016-03-01,07:02:25,2号线威宁路,地铁,0.0,非优惠
745,2903472,2016-03-01,17:20:03,10号线新天地,地铁,3.0,非优惠
746,2903472,2016-03-01,17:03:36,7号线长寿路,地铁,0.0,非优惠
747,3103315067,2016-03-01,14:28:55,2号线虹桥火车站,地铁,0.0,非优惠
748,3103315067,2016-03-01,15:25:12,2号线龙阳路,地铁,6.0,非优惠
749,2804215746,2016-03-01,20:29:25,3号线上海南站,地铁,4.0,非优惠
750,2804215746,2016-03-01,08:39:56,1号线上海火车站,地铁,4.0,非优惠
751,2804215746,2016-03-01,08:06:39,3号线上海南站,地铁,0.0,非优惠
752,2804215746,2016-03-01,19:59:45,1号线上海火车站,地铁,0.0,非优惠
753,760242166,2016-03-01,17:16:56,8号线西藏南路,地铁,0.0,非优惠
754,760242166,2016-03-01,06:59:05,8号线西藏南路,地铁,5.0,非优惠
755,2803066368,2016-03-01,15:02:49,3号线水产路,地铁,0.0,非优惠
756,2803066368,2016-03-01,08:17:46,3号线水产路,地铁,5.0,非优惠
757,2803066368,2016-03-01,16:12:14,12号线爱国路,地铁,5.0,非优惠
758,2803066368,2016-03-01,07:17:21,12号线爱国路,地铁,0.0,非优惠
759,3102062295,2016-03-01,18:24:35,12号线宁国路,地铁,4.0,非优惠
760,3102062295,2016-03-01,08:45:22,9号线杨高中路,地铁,4.0,非优惠
761,3102062295,2016-03-01,17:58:53,9号线杨高中路,地铁,0.0,非优惠
762,3102062295,2016-03-01,08:20:43,12号线宁国路,地铁,0.0,非优惠
763,3001356497,2016-03-01,09:06:13,10号线同济大学,地铁,4.0,非优惠
764,3001356497,2016-03-01,18:06:38,9号线宜山路,地铁,0.0,非优惠
765,3001356497,2016-03-01,18:42:48,7号线新村路,地铁,4.0,非优惠
766,3001356497,2016-03-01,08:20:19,7号线新村路,地铁,0.0,非优惠
767,2904306651,2016-03-01,17:07:10,9号线徐家汇,地铁,4.0,非优惠
768,2904306651,2016-03-01,16:35:32,5号线银都路,地铁,0.0,非优惠
769,2904306651,2016-03-01,07:46:24,5号线银都路,地铁,4.0,非优惠
770,2904306651,2016-03-01,07:11:33,9号线徐家汇,地铁,0.0,非优惠
771,2702128716,2016-03-01,22:58:50,11号线嘉定新城,地铁,5.0,非优惠
772,2702128716,2016-03-01,19:42:44,2号线南京西路,地铁,0.0,非优惠
773,2702128716,2016-03-01,22:19:43,11号线江苏路,地铁,0.0,非优惠
774,2702128716,2016-03-01,15:16:21,11号线嘉定新城,地铁,0.0,非优惠
775,2702128716,2016-03-01,16:02:23,7号线长寿路,地铁,5.0,非优惠
776,2702128716,2016-03-01,20:33:55,2号线江苏路,地铁,3.0,非优惠
777,2004971946,2016-03-01,08:57:58,2号线龙阳路,地铁,0.0,非优惠
778,2004971946,2016-03-01,09:04:08,2号线张江高科,地铁,3.0,非优惠
779,2004971946,2016-03-01,17:57:16,2号线龙阳路,地铁,3.0,非优惠
780,2004971946,2016-03-01,17:49:24,2号线张江高科,地铁,0.0,非优惠
781,3000471719,2016-03-01,08:42:31,9号线佘山,地铁,0.0,非优惠
782,3000471719,2016-03-01,18:03:37,9号线佘山,地铁,5.0,非优惠
783,3000471719,2016-03-01,17:18:12,1号线漕宝路,地铁,0.0,非优惠
784,3000471719,2016-03-01,09:32:52,1号线漕宝路,地铁,4.0,优惠
785,3000745813,2016-03-01,08:17:58,8号线黄兴路,地铁,0.0,非优惠
786,3000745813,2016-03-01,17:12:34,2号线陆家嘴,地铁,0.0,非优惠
787,3000745813,2016-03-01,17:54:10,8号线黄兴路,地铁,4.0,非优惠
788,3000745813,2016-03-01,08:55:18,2号线陆家嘴,地铁,4.0,非优惠
789,202633793,2016-03-01,15:34:25,9号线打浦桥,地铁,0.0,非优惠
790,202633793,2016-03-01,16:12:05,6号线五莲路,地铁,4.0,非优惠
791,2603300072,2016-03-01,21:32:38,1号线陕西南路,地铁,0.0,非优惠
792,2603300072,2016-03-01,22:15:35,12号线东陆路,地铁,4.0,非优惠
793,2603300072,2016-03-01,07:59:47,12号线东陆路,地铁,0.0,非优惠
794,3003952982,2016-03-01,07:51:26,2号线北新泾,地铁,0.0,非优惠
795,3003952982,2016-03-01,08:14:31,10号线交通大学,地铁,4.0,非优惠
796,3003952982,2016-03-01,17:18:08,10号线交通大学,地铁,0.0,非优惠
797,3003952982,2016-03-01,17:42:02,2号线北新泾,地铁,4.0,非优惠
798,3002696790,2016-03-01,10:35:30,11号线祁连山路,地铁,0.0,非优惠
799,3002696790,2016-03-01,13:21:42,11号线上海西站,地铁,6.0,非优惠
800,3002696790,2016-03-01,11:28:19,11号线花桥,地铁,5.0,优惠
801,3002696790,2016-03-01,12:26:40,11号线花桥,地铁,0.0,非优惠
802,600911751,2016-03-01,19:24:12,1号线彭浦新村,地铁,0.0,非优惠
803,600911751,2016-03-01,09:17:45,1号线彭浦新村,地铁,3.0,优惠
804,600911751,2016-03-01,08:32:51,8号线耀华路,地铁,0.0,非优惠
805,600911751,2016-03-01,20:02:22,8号线耀华路,地铁,4.0,非优惠
806,2904428515,2016-03-01,08:14:59,9号线合川路,地铁,0.0,非优惠
807,2904428515,2016-03-01,17:33:16,9号线合川路,地铁,3.0,非优惠
808,2904428515,2016-03-01,08:20:41,9号线漕河泾开发区,地铁,3.0,非优惠
809,2904428515,2016-03-01,17:26:22,9号线漕河泾开发区,地铁,0.0,非优惠
810,202576622,2016-03-01,17:02:08,7号线昌平路,地铁,0.0,非优惠
811,202576622,2016-03-01,07:00:18,7号线昌平路,地铁,3.0,非优惠
812,202576622,2016-03-01,17:26:31,2号线中山公园,地铁,3.0,非优惠
813,202576622,2016-03-01,06:40:22,2号线中山公园,地铁,0.0,非优惠
814,3103982295,2016-03-01,16:50:43,8号线成山路,地铁,5.0,非优惠
815,3103982295,2016-03-01,15:56:17,2号线虹桥火车站,地铁,0.0,非优惠
816,2804708323,2016-03-01,18:33:32,11号线浦三路,地铁,4.0,非优惠
817,2804708323,2016-03-01,17:44:50,10号线豫园,地铁,0.0,非优惠
818,2802719706,2016-03-01,06:29:12,2号线中山公园,地铁,0.0,非优惠
819,2802719706,2016-03-01,06:28:59,2号线中山公园,地铁,4.0,非优惠
820,2802719706,2016-03-01,05:28:44,3号线东宝兴路,地铁,0.0,非优惠
821,2802719706,2016-03-01,06:53:09,2号线虹桥火车站,地铁,4.0,非优惠
822,2105029742,2016-03-01,09:14:55,9号线商城路,地铁,4.0,非优惠
823,2105029742,2016-03-01,08:52:50,8号线西藏北路,地铁,0.0,非优惠
824,2902661610,2016-03-01,19:22:36,1号线中山北路,地铁,0.0,非优惠
825,2902661610,2016-03-01,08:05:42,1号线中山北路,地铁,4.0,非优惠
826,2902661610,2016-03-01,07:38:47,1号线上海体育馆,地铁,0.0,非优惠
827,2902661610,2016-03-01,19:47:55,1号线上海体育馆,地铁,4.0,非优惠
828,2104988121,2016-03-01,19:21:07,4号线浦电路,地铁,0.0,非优惠
829,2104988121,2016-03-01,08:43:49,4号线东安路,地铁,0.0,非优惠
830,2104988121,2016-03-01,19:43:37,4号线东安路,地铁,4.0,非优惠
831,2104988121,2016-03-01,09:03:34,4号线浦电路,地铁,4.0,非优惠
832,3800335652,2016-03-01,07:27:17,4号线蓝村路,地铁,0.0,非优惠
833,3800335652,2016-03-01,17:04:42,8号线西藏南路,地铁,0.0,非优惠
834,3800335652,2016-03-01,17:14:23,4号线蓝村路,地铁,3.0,非优惠
835,3800335652,2016-03-01,07:37:13,8号线西藏南路,地铁,2.0,优惠
836,2503219273,2016-03-01,09:06:56,2号线浦东国际机场,地铁,8.0,非优惠
837,2503219273,2016-03-01,07:18:01,1号线共康路,地铁,0.0,非优惠
838,2904559262,2016-03-01,18:37:36,9号线商城路,地铁,3.0,非优惠
839,2904559262,2016-03-01,09:10:37,9号线商城路,地铁,0.0,非优惠
840,2904559262,2016-03-01,09:24:34,9号线打浦桥,地铁,2.0,优惠
841,2904559262,2016-03-01,18:23:00,9号线打浦桥,地铁,0.0,非优惠
842,2102190745,2016-03-01,20:45:17,2号线陆家嘴,地铁,0.0,非优惠
843,2102190745,2016-03-01,21:20:07,4号线大木桥路 ,地铁,4.0,非优惠
844,2102190745,2016-03-01,09:45:16,2号线陆家嘴,地铁,4.0,非优惠
845,2102190745,2016-03-01,09:13:53,4号线大木桥路 ,地铁,0.0,非优惠
846,2903352617,2016-03-01,09:12:53,1号线富锦路,地铁,0.0,非优惠
847,2903352617,2016-03-01,09:30:20,1号线通河新村,地铁,3.0,优惠
848,2001534155,2016-03-01,14:30:47,1号线人民广场,地铁,0.0,非优惠
849,2001534155,2016-03-01,15:46:55,2号线浦东国际机场,地铁,7.0,非优惠
850,3200341909,2016-03-01,08:41:38,8号线江浦路,地铁,0.0,非优惠
851,3200341909,2016-03-01,17:46:29,7号线花木路,地铁,0.0,非优惠
852,3200341909,2016-03-01,09:36:15,7号线花木路,地铁,4.0,非优惠
853,3200341909,2016-03-01,18:46:26,8号线江浦路,地铁,4.0,非优惠
854,2903749324,2016-03-01,09:03:57,9号线杨高中路,地铁,5.0,非优惠
855,2903749324,2016-03-01,08:10:45,11号线上海西站,地铁,0.0,非优惠
856,2903749324,2016-03-01,18:43:58,11号线上海西站,地铁,5.0,非优惠
857,2903749324,2016-03-01,17:53:40,9号线杨高中路,地铁,0.0,非优惠
858,2104136319,2016-03-01,10:19:48,11号线曹杨路,地铁,0.0,非优惠
859,2104136319,2016-03-01,21:50:39,2号线江苏路,地铁,0.0,非优惠
860,2104136319,2016-03-01,10:48:49,2号线东昌路,地铁,4.0,非优惠
861,2104136319,2016-03-01,22:00:31,11号线曹杨路,地铁,3.0,非优惠
862,2104136319,2016-03-01,18:35:26,2号线东昌路,地铁,0.0,非优惠
863,2104136319,2016-03-01,18:57:37,2号线江苏路,地铁,4.0,非优惠
864,2400895408,2016-03-01,09:58:25,4号线塘桥,地铁,0.0,非优惠
865,2400895408,2016-03-01,14:07:45,1号线陕西南路,地铁,3.0,非优惠
866,2400895408,2016-03-01,13:58:55,1号线新闸路,地铁,0.0,非优惠
867,2400895408,2016-03-01,09:16:13,4号线塘桥,地铁,3.0,优惠
868,2400895408,2016-03-01,10:26:46,1号线新闸路,地铁,4.0,非优惠
869,2400895408,2016-03-01,16:10:10,1号线漕宝路,地铁,4.0,非优惠
870,2400895408,2016-03-01,15:51:26,1号线陕西南路,地铁,0.0,非优惠
871,3100523757,2016-03-01,19:09:34,3号线江湾镇,地铁,5.0,非优惠
872,3100523757,2016-03-01,08:41:50,12号线金海路,地铁,5.0,非优惠
873,3100523757,2016-03-01,18:07:05,12号线金海路,地铁,0.0,非优惠
874,3100523757,2016-03-01,07:37:00,3号线江湾镇,地铁,0.0,非优惠
875,2902800938,2016-03-01,08:04:47,11号线南翔,地铁,0.0,非优惠
876,2902800938,2016-03-01,18:09:29,13号线金沙江路,地铁,0.0,非优惠
877,2902800938,2016-03-01,18:44:50,11号线南翔,地铁,4.0,非优惠
878,2902800938,2016-03-01,08:39:40,13号线金沙江路,地铁,3.0,优惠
879,2204740480,2016-03-01,09:45:00,6号线高科西路,地铁,0.0,非优惠
880,2204740480,2016-03-01,12:29:25,6号线高科西路,地铁,4.0,非优惠
881,2204740480,2016-03-01,11:57:31,4号线上海体育馆,地铁,0.0,非优惠
882,2204740480,2016-03-01,10:10:32,4号线上海体育馆,地铁,4.0,非优惠
883,2005259965,2016-03-01,07:29:00,2号线龙阳路,地铁,4.0,非优惠
884,2005259965,2016-03-01,07:01:26,6号线德平路,地铁,0.0,非优惠
885,2003330625,2016-03-01,18:47:07,7号线龙阳路,地铁,0.0,非优惠
886,2602331712,2016-03-01,08:57:12,11号线江苏路,地铁,4.0,非优惠
887,2602331712,2016-03-01,08:23:55,11号线南翔,地铁,0.0,非优惠
888,3000121838,2016-03-01,08:40:39,6号线德平路,地铁,4.0,非优惠
889,3000121838,2016-03-01,14:27:22,6号线德平路,地铁,0.0,非优惠
890,3000121838,2016-03-01,16:34:44,6号线德平路,地铁,4.0,非优惠
891,3000121838,2016-03-01,06:59:48,6号线德平路,地铁,0.0,非优惠
892,2402935269,2016-03-01,08:16:57,1号线莲花路,地铁,0.0,非优惠
893,2402935269,2016-03-01,19:20:02,1号线莲花路,地铁,5.0,非优惠
894,2402935269,2016-03-01,18:34:21,1号线汶水路,地铁,0.0,非优惠
895,2402935269,2016-03-01,09:08:53,1号线汶水路,地铁,5.0,非优惠
896,2202703427,2016-03-01,18:39:49,10号线同济大学,地铁,4.0,非优惠
897,2202703427,2016-03-01,07:49:01,2号线陆家嘴,地铁,4.0,非优惠
898,2202703427,2016-03-01,18:16:23,2号线陆家嘴,地铁,0.0,非优惠
899,2202703427,2016-03-01,07:24:17,10号线同济大学,地铁,0.0,非优惠
900,2104962684,2016-03-01,11:00:02,3号线上海南站,地铁,4.0,非优惠
901,2104962684,2016-03-01,09:58:45,3号线东宝兴路,地铁,0.0,非优惠
902,2104962684,2016-03-01,10:24:46,3号线上海火车站,地铁,0.0,非优惠
903,2104962684,2016-03-01,10:07:01,3号线上海火车站,地铁,3.0,非优惠
904,3101759782,2016-03-01,09:22:02,2号线威宁路,地铁,0.0,非优惠
905,3101759782,2016-03-01,20:19:25,2号线威宁路,地铁,4.0,非优惠
906,3101759782,2016-03-01,20:02:06,2号线静安寺,地铁,0.0,非优惠
907,3101759782,2016-03-01,09:37:59,2号线静安寺,地铁,4.0,非优惠
908,2303159437,2016-03-01,18:28:29,1号线汶水路,地铁,0.0,非优惠
909,2303159437,2016-03-01,08:57:15,1号线汶水路,地铁,6.0,非优惠
910,3002847009,2016-03-01,16:41:18,1号线人民广场,地铁,0.0,非优惠
911,3002847009,2016-03-01,16:47:23,2号线南京西路,地铁,3.0,非优惠
912,3002847009,2016-03-01,13:50:40,10号线天潼路,地铁,3.0,非优惠
913,2100394749,2016-03-01,12:36:46,6号线民生路,地铁,6.0,非优惠
914,2100394749,2016-03-01,11:12:54,7号线顾村公园,地铁,0.0,非优惠
915,2902414817,2016-03-01,08:56:49,2号线陆家嘴,地铁,3.0,非优惠
916,2902414817,2016-03-01,08:42:29,2号线世纪公园,地铁,0.0,非优惠
917,2902414817,2016-03-01,19:37:23,2号线世纪公园,地铁,3.0,非优惠
918,2902414817,2016-03-01,19:22:54,2号线陆家嘴,地铁,0.0,非优惠
919,2203048962,2016-03-01,19:34:03,8号线江月路,地铁,4.0,优惠
920,2203048962,2016-03-01,18:32:57,1号线莘庄,地铁,0.0,非优惠
921,2203048962,2016-03-01,07:53:18,8号线江月路,地铁,0.0,非优惠
922,2203048962,2016-03-01,08:42:46,1号线莲花路,地铁,5.0,非优惠
923,2703082981,2016-03-01,18:10:14,3号线中山公园,地铁,3.0,非优惠
924,2703082981,2016-03-01,10:36:45,2号线静安寺,地铁,4.0,非优惠
925,2703082981,2016-03-01,10:16:34,2号线淞虹路,地铁,0.0,非优惠
926,2703082981,2016-03-01,18:02:55,3号线金沙江路,地铁,0.0,非优惠
927,2703082981,2016-03-01,14:01:01,3号线金沙江路,地铁,3.0,非优惠
928,2703082981,2016-03-01,13:41:21,7号线静安寺,地铁,0.0,非优惠
929,2300638528,2016-03-01,07:49:49,1号线陕西南路,地铁,4.0,非优惠
930,2300638528,2016-03-01,07:29:27,1号线锦江乐园,地铁,0.0,非优惠
931,2300638528,2016-03-01,16:12:01,1号线锦江乐园,地铁,4.0,非优惠
932,2300638528,2016-03-01,15:53:12,1号线陕西南路,地铁,0.0,非优惠
933,2904370433,2016-03-01,09:10:22,2号线世纪公园,地铁,0.0,非优惠
934,2904370433,2016-03-01,12:31:35,1号线徐家汇,地铁,0.0,非优惠
935,2904370433,2016-03-01,11:22:52,11号线枫桥路,地铁,0.0,非优惠
936,2904370433,2016-03-01,13:27:33,2号线世纪公园,地铁,4.0,非优惠
937,2904370433,2016-03-01,11:42:12,9号线徐家汇,地铁,4.0,非优惠
938,2904370433,2016-03-01,09:55:12,11号线枫桥路,地铁,4.0,非优惠
939,2903613075,2016-03-01,09:59:29,3号线长江南路,地铁,0.0,非优惠
940,2903613075,2016-03-01,21:20:39,3号线长江南路,地铁,1.0,非优惠
941,2903613075,2016-03-01,20:47:34,1号线上海火车站,地铁,3.0,非优惠
942,2903613075,2016-03-01,10:25:57,3号线宝山路,地铁,3.0,非优惠
943,2903613075,2016-03-01,10:23:09,3号线宝山路,地铁,4.0,非优惠
944,2903613075,2016-03-01,10:25:30,3号线宝山路,地铁,0.0,非优惠
945,2903613075,2016-03-01,20:55:09,3号线上海火车站,地铁,0.0,非优惠
946,2903613075,2016-03-01,20:39:34,1号线延长路,地铁,0.0,非优惠
947,3002216991,2016-03-01,18:04:23,10号线伊犁路,地铁,0.0,非优惠
948,3002216991,2016-03-01,18:41:44,8号线曲阳路,地铁,4.0,非优惠
949,3002216991,2016-03-01,08:00:35,8号线曲阳路,地铁,0.0,非优惠
950,3002216991,2016-03-01,08:36:47,10号线伊犁路,地铁,4.0,非优惠
951,3104664427,2016-03-01,15:32:51,10号线陕西南路,地铁,0.0,非优惠
952,3104664427,2016-03-01,09:58:09,9号线打浦桥,地铁,4.0,非优惠
953,3104664427,2016-03-01,17:03:12,4号线世纪大道,地铁,0.0,非优惠
954,3104664427,2016-03-01,17:17:39,2号线龙阳路,地铁,3.0,非优惠
955,3104664427,2016-03-01,16:46:54,4号线世纪大道,地铁,3.0,非优惠
956,3104664427,2016-03-01,16:35:01,2号线南京东路,地铁,0.0,非优惠
957,3104664427,2016-03-01,09:36:15,4号线世纪大道,地铁,0.0,非优惠
958,3104664427,2016-03-01,15:45:19,8号线人民广场,地铁,3.0,非优惠
959,2004981600,2016-03-01,08:00:13,9号线合川路,地铁,4.0,非优惠
960,2004981600,2016-03-01,07:38:54,9号线泗泾,地铁,0.0,非优惠
961,2004981600,2016-03-01,18:51:51,9号线泗泾,地铁,4.0,非优惠
962,2004981600,2016-03-01,18:26:45,9号线合川路,地铁,0.0,非优惠
963,2002238479,2016-03-01,18:54:29,1号线汉中路,地铁,5.0,优惠
964,2002238479,2016-03-01,19:34:43,1号线汉中路,地铁,0.0,非优惠
965,2002238479,2016-03-01,20:16:49,2号线广兰路,地铁,5.0,非优惠
966,3004531390,2016-03-01,19:18:03,8号线沈杜公路,地铁,6.0,非优惠
967,3004531390,2016-03-01,18:14:06,13号线大渡河路,地铁,0.0,非优惠
968,3004531390,2016-03-01,07:12:48,8号线沈杜公路,地铁,0.0,非优惠
969,3004531390,2016-03-01,08:03:23,13号线大渡河路,地铁,5.0,优惠
970,2005133022,2016-03-01,07:11:35,1号线莘庄,地铁,0.0,非优惠
971,2005133022,2016-03-01,07:19:46,1号线莲花路,地铁,2.0,优惠
972,202561728,2016-03-01,20:07:37,1号线徐家汇,地铁,0.0,非优惠
973,202561728,2016-03-01,20:27:36,1号线外环路,地铁,4.0,非优惠
974,202561728,2016-03-01,09:32:56,9号线徐家汇,地铁,3.0,优惠
975,202561728,2016-03-01,09:08:17,1号线外环路,地铁,0.0,非优惠
976,2302835906,2016-03-01,08:45:56,4号线世纪大道,地铁,3.0,优惠
977,2302835906,2016-03-01,17:14:50,4号线世纪大道,地铁,0.0,非优惠
978,2302835906,2016-03-01,08:02:15,7号线大华三路,地铁,0.0,非优惠
979,2302835906,2016-03-01,17:45:55,2号线威宁路,地铁,4.0,非优惠
980,2502513271,2016-03-01,17:10:09,10号线伊犁路,地铁,0.0,非优惠
981,2502513271,2016-03-01,17:35:32,3号线中潭路,地铁,4.0,非优惠
982,2105238253,2016-03-01,07:52:15,9号线漕河泾开发区,地铁,4.0,非优惠
983,2105238253,2016-03-01,22:43:53,9号线九亭,地铁,4.0,非优惠
984,2105238253,2016-03-01,07:34:20,9号线九亭,地铁,0.0,非优惠
985,2105238253,2016-03-01,22:23:38,9号线漕河泾开发区,地铁,0.0,非优惠
986,2903637436,2016-03-01,18:10:50,12号线江浦公园,地铁,4.0,非优惠
987,2903637436,2016-03-01,06:40:28,8号线鞍山新村,地铁,0.0,非优惠
988,2903637436,2016-03-01,06:50:39,8号线西藏北路,地铁,2.0,优惠
989,2903637436,2016-03-01,17:48:13,8号线西藏北路,地铁,0.0,非优惠
990,761379708,2016-03-01,08:41:29,2号线金科路,地铁,0.0,非优惠
991,761379708,2016-03-01,19:50:13,2号线张江高科,地铁,5.0,非优惠
992,761379708,2016-03-01,19:01:13,9号线合川路,地铁,0.0,非优惠
993,761379708,2016-03-01,09:34:28,9号线合川路,地铁,4.0,优惠
994,2804282974,2016-03-01,15:06:22,1号线上海火车站,地铁,0.0,非优惠
995,2804282974,2016-03-01,15:32:52,1号线通河新村,地铁,4.0,非优惠
996,2804282974,2016-03-01,08:45:42,1号线上海火车站,地铁,5.0,非优惠
997,2804282974,2016-03-01,16:35:12,1号线富锦路,地铁,4.0,非优惠
998,2804282974,2016-03-01,08:09:11,1号线富锦路,地铁,0.0,非优惠
999,2804282974,2016-03-01,16:16:06,1号线共康路,地铁,0.0,非优惠
